customer_id,gender,age,tenure_months,subscription_type,monthly_charges,contract_type,payment_method,support_calls,total_charges,churn
100001,Male,34,34,Basic,20.29,Monthly,Bank Transfer,2,689.86,Yes
100002,Female,26,11,Basic,105.9,Annual,Debit Card,2,1164.9,No
100003,Male,50,41,Basic,38.6,Annual,Debit Card,2,1582.6,No
100004,Male,37,56,Basic,75.21,Monthly,Credit Card,1,4211.76,Yes
100005,Male,30,3,Standard,61.58,Monthly,Debit Card,1,184.74,No
100006,Female,45,59,Premium,91.97,Monthly,Debit Card,1,5426.23,No
100007,Male,65,28,Basic,57.12,Annual,Bank Transfer,1,1599.36,No
100008,Male,46,29,Premium,106.98,Monthly,Credit Card,3,3102.42,Yes
100009,Male,30,9,Premium,93.05,Annual,Credit Card,2,837.45,No
100010,Female,63,3,Basic,84.77,Monthly,Bank Transfer,2,254.31,No
100011,Male,52,25,Premium,99.62,Monthly,Debit Card,2,2490.5,No
100012,Male,23,34,Standard,95.4,Monthly,Credit Card,0,3243.6,No
100013,Male,35,12,Standard,23.59,Annual,Credit Card,1,283.08,Yes
100014,Male,68,42,Basic,59.47,Annual,Debit Card,4,2497.74,No
100015,Female,22,9,Standard,113.08,Annual,Debit Card,2,1017.72,No
100016,Male,64,15,Basic,32.57,Annual,Credit Card,4,488.55,Yes
100017,Female,42,40,Standard,93.71,Annual,Debit Card,4,3748.4,No
100018,Female,19,25,Standard,117.46,Monthly,Credit Card,2,2936.5,Yes
100019,Female,27,5,Standard,25.22,Monthly,Debit Card,1,126.1,No
100020,Male,47,11,Standard,88.22,Monthly,Debit Card,3,970.42,Yes
100021,Female,67,59,Standard,66.82,Annual,Bank Transfer,3,3942.38,No
100022,Male,62,34,Basic,77.92,Annual,Debit Card,1,2649.28,No
100023,Female,22,24,Basic,28.53,Monthly,Bank Transfer,1,684.72,No
100024,Female,50,15,Premium,24.3,Annual,Debit Card,4,364.5,No
100025,Female,18,38,Basic,86.69,Annual,Credit Card,1,3294.22,No
100026,Female,35,8,Basic,102.33,Monthly,Credit Card,4,818.64,Yes
100027,Female,49,59,Basic,98.2,Monthly,Debit Card,0,5793.8,No
100028,Female,64,5,Basic,74.38,Monthly,Debit Card,3,371.9,Yes
100029,Female,66,48,Premium,29.99,Monthly,Credit Card,3,1439.52,No
100030,Female,28,26,Standard,88.8,Annual,Debit Card,3,2308.8,No
100031,Male,38,18,Premium,44.19,Monthly,Bank Transfer,2,795.42,No
100032,Male,43,6,Standard,111.11,Monthly,Bank Transfer,1,666.66,No
100033,Female,42,37,Standard,103.83,Annual,Bank Transfer,0,3841.71,No
100034,Female,39,48,Basic,90.94,Annual,Bank Transfer,2,4365.12,Yes
100035,Female,44,13,Standard,114.88,Annual,Bank Transfer,2,1493.44,Yes
100036,Male,66,28,Basic,23.14,Monthly,Debit Card,2,647.92,No
100037,Female,30,5,Premium,93.62,Monthly,Debit Card,3,468.1,Yes
100038,Male,50,13,Premium,53.02,Annual,Bank Transfer,3,689.26,No
100039,Male,51,17,Basic,110.61,Monthly,Debit Card,1,1880.37,Yes
100040,Male,58,50,Premium,46.67,Monthly,Debit Card,2,2333.5,No
100041,Male,52,40,Premium,92.49,Monthly,Bank Transfer,1,3699.6,No
100042,Male,18,45,Standard,107.76,Monthly,Debit Card,2,4849.2,No
100043,Female,38,32,Basic,24.17,Monthly,Debit Card,0,773.44,No
100044,Female,65,29,Standard,59.76,Monthly,Debit Card,1,1733.04,No
100045,Female,23,51,Standard,96.23,Monthly,Bank Transfer,1,4907.73,Yes
100046,Female,45,58,Basic,65.49,Monthly,Debit Card,2,3798.42,Yes
100047,Female,34,3,Basic,46.73,Monthly,Credit Card,1,140.19,No
100048,Male,22,56,Premium,41.98,Monthly,Credit Card,1,2350.88,No
100049,Female,48,40,Basic,33.15,Annual,Bank Transfer,2,1326.0,No
100050,Female,22,34,Standard,105.71,Monthly,Credit Card,4,3594.14,No
100051,Male,55,40,Premium,77.54,Monthly,Bank Transfer,0,3101.6,No
100052,Female,20,27,Premium,27.64,Monthly,Credit Card,1,746.28,No
100053,Male,40,13,Basic,58.26,Monthly,Credit Card,4,757.38,Yes
100054,Female,54,45,Premium,56.77,Monthly,Credit Card,2,2554.65,No
100055,Male,54,33,Basic,38.17,Monthly,Bank Transfer,1,1259.61,No
100056,Female,27,6,Basic,63.55,Annual,Bank Transfer,1,381.3,No
100057,Female,27,24,Standard,53.21,Monthly,Debit Card,3,1277.04,Yes
100058,Male,36,19,Basic,54.18,Monthly,Bank Transfer,1,1029.42,No
100059,Male,34,16,Basic,93.9,Annual,Credit Card,3,1502.4,No
100060,Male,38,40,Standard,42.33,Monthly,Credit Card,3,1693.2,No
100061,Male,31,28,Basic,84.19,Monthly,Bank Transfer,2,2357.32,Yes
100062,Male,26,33,Basic,77.06,Monthly,Bank Transfer,2,2542.98,Yes
100063,Male,63,59,Standard,76.81,Annual,Bank Transfer,4,4531.79,No
100064,Male,18,59,Premium,86.3,Monthly,Debit Card,1,5091.7,No
100065,Male,68,48,Standard,74.84,Monthly,Credit Card,1,3592.32,No
100066,Female,62,41,Basic,107.93,Monthly,Debit Card,2,4425.13,Yes
100067,Female,30,13,Standard,87.56,Annual,Debit Card,1,1138.28,Yes
100068,Male,21,43,Basic,74.7,Monthly,Credit Card,3,3212.1,No
100069,Female,18,45,Basic,102.98,Annual,Credit Card,3,4634.1,No
100070,Female,66,25,Premium,80.61,Monthly,Bank Transfer,4,2015.25,No
100071,Female,57,53,Basic,49.11,Annual,Bank Transfer,1,2602.83,No
100072,Female,49,42,Basic,40.71,Annual,Debit Card,1,1709.82,Yes
100073,Male,51,36,Standard,35.23,Monthly,Bank Transfer,1,1268.28,No
100074,Female,45,27,Standard,109.95,Monthly,Bank Transfer,1,2968.65,No
100075,Male,48,38,Standard,91.01,Monthly,Credit Card,2,3458.38,Yes
100076,Female,25,7,Basic,113.74,Monthly,Credit Card,0,796.18,No
100077,Female,56,5,Basic,80.33,Annual,Bank Transfer,1,401.65,Yes
100078,Female,43,43,Basic,67.34,Monthly,Credit Card,2,2895.62,Yes
100079,Male,51,45,Basic,25.97,Monthly,Bank Transfer,4,1168.65,Yes
100080,Female,20,58,Standard,87.16,Monthly,Credit Card,0,5055.28,Yes
100081,Male,67,57,Premium,78.22,Annual,Credit Card,0,4458.54,No
100082,Female,29,51,Standard,119.02,Monthly,Credit Card,1,6070.02,No
100083,Male,18,31,Premium,43.92,Monthly,Credit Card,1,1361.52,No
100084,Female,61,23,Standard,73.07,Monthly,Bank Transfer,4,1680.61,No
100085,Male,22,42,Standard,85.1,Annual,Debit Card,2,3574.2,No
100086,Male,47,10,Basic,84.46,Monthly,Credit Card,2,844.6,Yes
100087,Female,47,32,Standard,76.13,Monthly,Bank Transfer,2,2436.16,No
100088,Male,34,43,Standard,97.69,Monthly,Bank Transfer,5,4200.67,No
100089,Female,65,53,Basic,40.5,Monthly,Credit Card,3,2146.5,No
100090,Female,64,30,Basic,92.56,Monthly,Debit Card,4,2776.8,No
100091,Female,40,39,Premium,81.97,Annual,Credit Card,3,3196.83,No
100092,Female,32,31,Basic,109.61,Annual,Bank Transfer,0,3397.91,No
100093,Female,54,18,Basic,104.72,Monthly,Debit Card,3,1884.96,No
100094,Female,38,36,Standard,51.51,Annual,Bank Transfer,2,1854.36,Yes
100095,Female,31,2,Premium,47.62,Monthly,Credit Card,3,95.24,No
100096,Female,19,14,Standard,118.17,Annual,Debit Card,3,1654.38,Yes
100097,Female,28,13,Standard,72.73,Annual,Bank Transfer,1,945.49,No
100098,Female,68,29,Basic,110.64,Monthly,Bank Transfer,1,3208.56,Yes
100099,Female,56,12,Standard,36.39,Annual,Bank Transfer,4,436.68,No
100100,Male,55,39,Basic,84.28,Monthly,Credit Card,0,3286.92,Yes
100101,Male,51,2,Premium,100.99,Monthly,Debit Card,2,201.98,No
100102,Female,55,32,Standard,114.74,Monthly,Credit Card,3,3671.68,No
100103,Female,67,13,Basic,53.73,Monthly,Credit Card,1,698.49,No
100104,Female,51,46,Basic,92.5,Annual,Credit Card,0,4255.0,No
100105,Female,35,27,Basic,73.88,Annual,Debit Card,3,1994.76,No
100106,Female,47,49,Basic,26.06,Monthly,Credit Card,2,1276.94,No
100107,Female,32,41,Basic,89.0,Annual,Credit Card,1,3649.0,No
100108,Female,44,17,Standard,89.01,Annual,Credit Card,2,1513.17,No
100109,Female,68,40,Standard,113.06,Monthly,Credit Card,1,4522.4,No
100110,Male,51,31,Basic,69.73,Monthly,Bank Transfer,0,2161.63,No
100111,Female,69,34,Basic,43.03,Monthly,Credit Card,2,1463.02,No
100112,Male,55,24,Basic,24.46,Annual,Bank Transfer,0,587.04,No
100113,Female,50,45,Premium,61.56,Annual,Credit Card,3,2770.2,No
100114,Female,41,35,Basic,50.19,Monthly,Debit Card,2,1756.65,No
100115,Male,32,48,Standard,96.11,Annual,Bank Transfer,4,4613.28,No
100116,Female,47,6,Premium,55.43,Monthly,Bank Transfer,1,332.58,Yes
100117,Male,59,19,Standard,114.91,Monthly,Bank Transfer,0,2183.29,No
100118,Female,68,30,Premium,116.23,Monthly,Bank Transfer,0,3486.9,No
100119,Female,34,7,Basic,82.09,Monthly,Debit Card,4,574.63,No
100120,Male,22,10,Premium,112.87,Monthly,Credit Card,0,1128.7,No
100121,Female,46,41,Basic,96.09,Monthly,Bank Transfer,5,3939.69,Yes
100122,Male,21,32,Basic,74.69,Monthly,Debit Card,0,2390.08,No
100123,Female,27,34,Standard,38.03,Monthly,Bank Transfer,3,1293.02,No
100124,Male,34,28,Premium,65.86,Monthly,Credit Card,2,1844.08,No
100125,Male,27,15,Premium,76.09,Annual,Bank Transfer,1,1141.35,Yes
100126,Female,34,30,Basic,106.4,Monthly,Debit Card,1,3192.0,No
100127,Female,37,37,Basic,68.13,Annual,Credit Card,1,2520.81,No
100128,Male,41,29,Premium,109.77,Monthly,Debit Card,2,3183.33,Yes
100129,Female,22,22,Basic,87.43,Monthly,Credit Card,3,1923.46,Yes
100130,Female,51,4,Premium,33.7,Annual,Credit Card,2,134.8,No
100131,Female,23,20,Premium,119.5,Monthly,Credit Card,3,2390.0,No
100132,Male,19,32,Standard,72.72,Monthly,Bank Transfer,3,2327.04,Yes
100133,Male,30,36,Basic,59.19,Annual,Debit Card,1,2130.84,No
100134,Male,60,50,Standard,85.91,Monthly,Debit Card,2,4295.5,No
100135,Male,60,4,Basic,30.89,Monthly,Debit Card,2,123.56,Yes
100136,Male,65,27,Premium,83.65,Monthly,Credit Card,2,2258.55,Yes
100137,Male,28,17,Standard,69.82,Monthly,Bank Transfer,4,1186.94,No
100138,Male,68,12,Premium,60.67,Monthly,Credit Card,1,728.04,No
100139,Male,64,22,Basic,115.3,Monthly,Debit Card,0,2536.6,No
100140,Male,40,17,Premium,72.25,Annual,Bank Transfer,1,1228.25,No
100141,Female,33,10,Standard,41.91,Annual,Bank Transfer,2,419.1,No
100142,Male,48,54,Basic,65.9,Annual,Bank Transfer,0,3558.6,No
100143,Female,28,1,Basic,111.94,Monthly,Debit Card,1,111.94,Yes
100144,Female,33,22,Standard,37.61,Annual,Bank Transfer,0,827.42,Yes
100145,Female,25,26,Standard,41.4,Monthly,Bank Transfer,2,1076.4,No
100146,Male,21,56,Premium,21.3,Annual,Credit Card,2,1192.8,No
100147,Male,57,59,Basic,21.42,Annual,Credit Card,3,1263.78,No
100148,Male,21,18,Basic,102.94,Annual,Bank Transfer,0,1852.92,No
100149,Male,42,50,Standard,93.21,Monthly,Bank Transfer,5,4660.5,No
100150,Female,20,14,Basic,55.5,Monthly,Credit Card,5,777.0,Yes
100151,Male,49,47,Standard,89.83,Monthly,Credit Card,1,4222.01,Yes
100152,Male,20,29,Premium,59.52,Annual,Credit Card,4,1726.08,No
100153,Male,44,12,Premium,115.29,Monthly,Debit Card,2,1383.48,No
100154,Male,46,36,Premium,116.71,Annual,Debit Card,3,4201.56,No
100155,Male,49,59,Premium,59.28,Monthly,Credit Card,2,3497.52,Yes
100156,Female,67,35,Basic,105.42,Monthly,Bank Transfer,3,3689.7,No
100157,Male,68,52,Standard,97.31,Monthly,Credit Card,2,5060.12,No
100158,Female,36,12,Standard,51.0,Monthly,Debit Card,2,612.0,Yes
100159,Male,38,7,Premium,43.2,Monthly,Bank Transfer,2,302.4,No
100160,Female,22,29,Basic,65.82,Monthly,Debit Card,2,1908.78,No
100161,Male,35,11,Standard,98.13,Annual,Bank Transfer,0,1079.43,No
100162,Male,45,33,Basic,116.02,Monthly,Debit Card,4,3828.66,No
100163,Female,59,6,Standard,96.36,Monthly,Bank Transfer,4,578.16,Yes
100164,Female,39,47,Premium,105.52,Annual,Bank Transfer,1,4959.44,No
100165,Female,38,15,Premium,80.31,Annual,Bank Transfer,3,1204.65,Yes
100166,Male,23,32,Basic,103.54,Annual,Bank Transfer,0,3313.28,No
100167,Female,18,51,Premium,98.44,Monthly,Debit Card,2,5020.44,No
100168,Male,22,11,Standard,57.7,Annual,Debit Card,0,634.7,No
100169,Male,58,58,Basic,75.2,Annual,Bank Transfer,3,4361.6,No
100170,Female,29,23,Basic,100.48,Monthly,Bank Transfer,2,2311.04,No
100171,Female,43,26,Basic,24.61,Monthly,Debit Card,1,639.86,No
100172,Male,63,34,Basic,100.81,Monthly,Bank Transfer,0,3427.54,No
100173,Male,51,46,Premium,37.79,Monthly,Bank Transfer,0,1738.34,No
100174,Female,66,34,Standard,71.47,Annual,Bank Transfer,4,2429.98,No
100175,Female,31,29,Premium,100.83,Monthly,Credit Card,2,2924.07,No
100176,Female,43,4,Basic,45.38,Annual,Bank Transfer,2,181.52,No
100177,Male,62,17,Basic,44.58,Monthly,Credit Card,3,757.86,No
100178,Male,44,35,Standard,60.28,Monthly,Bank Transfer,5,2109.8,No
100179,Male,26,13,Basic,109.46,Monthly,Debit Card,3,1422.98,Yes
100180,Male,43,41,Standard,20.04,Monthly,Credit Card,0,821.64,Yes
100181,Male,64,39,Premium,110.14,Annual,Credit Card,0,4295.46,No
100182,Male,39,15,Standard,35.38,Annual,Bank Transfer,2,530.7,No
100183,Female,64,55,Standard,119.01,Monthly,Bank Transfer,2,6545.55,No
100184,Male,47,29,Basic,115.48,Monthly,Credit Card,2,3348.92,No
100185,Male,60,29,Basic,69.47,Monthly,Debit Card,3,2014.63,No
100186,Male,65,11,Basic,71.27,Annual,Debit Card,0,783.97,No
100187,Female,34,52,Standard,68.15,Monthly,Bank Transfer,0,3543.8,No
100188,Male,43,32,Basic,83.54,Monthly,Debit Card,3,2673.28,Yes
100189,Male,53,2,Basic,29.07,Monthly,Debit Card,2,58.14,Yes
100190,Female,18,47,Standard,23.26,Annual,Bank Transfer,3,1093.22,No
100191,Male,25,14,Basic,25.77,Monthly,Debit Card,1,360.78,No
100192,Male,66,20,Basic,64.44,Monthly,Bank Transfer,3,1288.8,No
100193,Male,52,22,Basic,47.55,Annual,Credit Card,3,1046.1,Yes
100194,Male,69,11,Premium,82.2,Monthly,Bank Transfer,1,904.2,No
100195,Male,32,27,Standard,119.24,Monthly,Credit Card,3,3219.48,Yes
100196,Female,64,3,Standard,58.63,Annual,Credit Card,4,175.89,Yes
100197,Female,39,17,Basic,77.38,Annual,Debit Card,2,1315.46,Yes
100198,Female,31,44,Premium,61.56,Monthly,Debit Card,1,2708.64,Yes
100199,Male,43,56,Standard,104.73,Monthly,Debit Card,4,5864.88,No
100200,Male,45,28,Basic,110.22,Monthly,Bank Transfer,1,3086.16,Yes
100201,Male,40,29,Premium,107.74,Annual,Debit Card,1,3124.46,No
100202,Female,31,21,Basic,117.44,Monthly,Credit Card,3,2466.24,Yes
100203,Male,41,47,Standard,22.75,Annual,Debit Card,1,1069.25,No
100204,Male,19,16,Standard,103.98,Monthly,Debit Card,4,1663.68,Yes
100205,Female,62,37,Basic,95.18,Monthly,Bank Transfer,3,3521.66,No
100206,Male,43,59,Premium,42.87,Annual,Bank Transfer,0,2529.33,Yes
100207,Female,31,20,Standard,115.63,Annual,Credit Card,2,2312.6,No
100208,Female,68,6,Standard,34.82,Monthly,Bank Transfer,3,208.92,No
100209,Female,24,19,Basic,87.95,Monthly,Debit Card,2,1671.05,Yes
100210,Male,20,57,Basic,42.49,Monthly,Bank Transfer,1,2421.93,No
100211,Male,64,5,Basic,63.14,Annual,Credit Card,4,315.7,Yes
100212,Male,40,3,Premium,91.92,Annual,Debit Card,1,275.76,No
100213,Male,63,59,Basic,76.33,Monthly,Credit Card,1,4503.47,No
100214,Male,60,1,Standard,62.75,Annual,Bank Transfer,0,62.75,No
100215,Male,64,58,Standard,52.63,Monthly,Bank Transfer,3,3052.54,Yes
100216,Male,62,38,Basic,103.97,Monthly,Credit Card,0,3950.86,No
100217,Female,35,15,Standard,34.38,Monthly,Debit Card,2,515.7,No
100218,Male,55,34,Basic,63.01,Monthly,Bank Transfer,1,2142.34,Yes
100219,Female,52,35,Premium,110.38,Monthly,Bank Transfer,1,3863.3,No
100220,Male,68,49,Standard,104.58,Monthly,Debit Card,2,5124.42,No
100221,Male,32,25,Basic,60.09,Monthly,Bank Transfer,4,1502.25,No
100222,Male,42,24,Basic,96.31,Annual,Credit Card,4,2311.44,Yes
100223,Female,54,12,Standard,102.32,Monthly,Bank Transfer,3,1227.84,No
100224,Female,45,18,Premium,108.89,Monthly,Bank Transfer,4,1960.02,No
100225,Female,27,15,Standard,74.45,Monthly,Debit Card,1,1116.75,Yes
100226,Female,56,44,Standard,40.45,Annual,Credit Card,2,1779.8,No
100227,Male,34,16,Basic,45.53,Monthly,Debit Card,1,728.48,No
100228,Female,56,27,Basic,49.57,Monthly,Bank Transfer,1,1338.39,No
100229,Male,39,8,Basic,79.38,Annual,Bank Transfer,4,635.04,Yes
100230,Male,43,46,Standard,23.28,Monthly,Debit Card,2,1070.88,No
100231,Female,61,25,Premium,83.6,Monthly,Debit Card,0,2090.0,No
100232,Female,42,17,Standard,56.44,Annual,Debit Card,3,959.48,No
100233,Female,34,29,Basic,49.52,Monthly,Credit Card,1,1436.08,No
100234,Female,30,53,Standard,107.95,Monthly,Bank Transfer,2,5721.35,No
100235,Female,37,8,Premium,66.0,Monthly,Debit Card,2,528.0,No
100236,Female,42,15,Standard,29.51,Monthly,Bank Transfer,0,442.65,Yes
100237,Female,21,27,Premium,102.67,Monthly,Credit Card,2,2772.09,No
100238,Female,27,46,Basic,24.76,Monthly,Credit Card,5,1138.96,No
100239,Male,20,50,Basic,92.67,Monthly,Credit Card,2,4633.5,Yes
100240,Female,58,52,Premium,97.39,Monthly,Credit Card,3,5064.28,No
100241,Female,62,7,Standard,55.26,Annual,Bank Transfer,0,386.82,No
100242,Male,35,3,Basic,102.48,Monthly,Credit Card,2,307.44,Yes
100243,Female,64,29,Standard,71.57,Monthly,Credit Card,1,2075.53,Yes
100244,Male,53,44,Premium,66.33,Annual,Debit Card,3,2918.52,No
100245,Male,64,53,Standard,24.54,Annual,Credit Card,2,1300.62,No
100246,Female,39,24,Standard,49.0,Monthly,Debit Card,1,1176.0,No
100247,Male,51,58,Basic,113.1,Annual,Credit Card,2,6559.8,No
100248,Male,64,3,Standard,59.18,Monthly,Credit Card,1,177.54,No
100249,Male,25,20,Standard,74.67,Monthly,Debit Card,2,1493.4,No
100250,Male,57,46,Premium,73.2,Annual,Credit Card,5,3367.2,Yes
100251,Female,66,15,Premium,79.04,Monthly,Bank Transfer,3,1185.6,No
100252,Male,61,25,Premium,26.13,Monthly,Bank Transfer,4,653.25,No
100253,Female,36,30,Basic,56.22,Monthly,Credit Card,2,1686.6,No
100254,Male,59,14,Standard,92.31,Monthly,Bank Transfer,2,1292.34,Yes
100255,Male,58,7,Premium,40.06,Monthly,Debit Card,0,280.42,Yes
100256,Male,54,17,Standard,40.36,Annual,Credit Card,2,686.12,No
100257,Male,23,44,Premium,21.01,Monthly,Credit Card,1,924.44,No
100258,Female,69,20,Premium,63.75,Annual,Debit Card,1,1275.0,No
100259,Female,43,36,Standard,108.27,Monthly,Debit Card,2,3897.72,No
100260,Male,51,9,Standard,25.19,Annual,Debit Card,3,226.71,Yes
100261,Male,62,38,Basic,39.11,Annual,Credit Card,1,1486.18,No
100262,Female,23,48,Basic,51.01,Annual,Debit Card,2,2448.48,No
100263,Male,54,57,Standard,93.17,Monthly,Debit Card,1,5310.69,Yes
100264,Male,50,22,Premium,84.06,Monthly,Bank Transfer,2,1849.32,No
100265,Male,39,54,Basic,61.59,Monthly,Bank Transfer,1,3325.86,Yes
100266,Female,38,53,Basic,95.91,Annual,Credit Card,1,5083.23,No
100267,Female,23,53,Standard,80.96,Annual,Bank Transfer,3,4290.88,No
100268,Female,23,2,Basic,109.6,Monthly,Bank Transfer,3,219.2,Yes
100269,Male,65,24,Basic,101.8,Monthly,Debit Card,1,2443.2,No
100270,Male,21,8,Basic,45.28,Monthly,Debit Card,0,362.24,No
100271,Female,47,11,Basic,47.14,Monthly,Bank Transfer,3,518.54,No
100272,Female,28,13,Basic,32.54,Monthly,Bank Transfer,3,423.02,Yes
100273,Female,47,17,Basic,53.7,Annual,Bank Transfer,3,912.9,No
100274,Female,48,8,Standard,119.95,Annual,Credit Card,0,959.6,No
100275,Male,41,21,Premium,60.58,Monthly,Credit Card,0,1272.18,Yes
100276,Female,26,18,Standard,42.05,Monthly,Credit Card,0,756.9,Yes
100277,Male,20,30,Standard,96.25,Monthly,Bank Transfer,4,2887.5,No
100278,Female,68,18,Basic,74.25,Monthly,Bank Transfer,1,1336.5,Yes
100279,Male,48,46,Basic,34.96,Monthly,Credit Card,3,1608.16,No
100280,Female,57,47,Standard,58.07,Monthly,Credit Card,0,2729.29,Yes
100281,Female,54,31,Basic,61.45,Annual,Bank Transfer,0,1904.95,No
100282,Female,53,38,Standard,95.38,Monthly,Debit Card,4,3624.44,No
100283,Female,41,32,Standard,22.07,Monthly,Credit Card,1,706.24,Yes
100284,Male,48,11,Standard,46.9,Annual,Bank Transfer,2,515.9,Yes
100285,Female,23,45,Basic,71.76,Annual,Bank Transfer,4,3229.2,No
100286,Male,19,25,Basic,46.88,Monthly,Debit Card,1,1172.0,No
100287,Male,37,33,Standard,82.84,Monthly,Bank Transfer,0,2733.72,No
100288,Male,45,38,Basic,68.19,Monthly,Bank Transfer,1,2591.22,No
100289,Male,28,41,Standard,56.17,Annual,Credit Card,2,2302.97,No
100290,Female,21,8,Standard,114.92,Annual,Credit Card,1,919.36,No
100291,Male,32,11,Premium,83.22,Annual,Debit Card,1,915.42,No
100292,Male,23,22,Basic,32.99,Monthly,Debit Card,1,725.78,No
100293,Male,66,51,Premium,76.01,Annual,Bank Transfer,3,3876.51,No
100294,Female,47,24,Standard,98.07,Monthly,Credit Card,1,2353.68,No
100295,Female,55,41,Basic,90.85,Monthly,Debit Card,1,3724.85,No
100296,Female,68,17,Basic,37.21,Monthly,Debit Card,3,632.57,Yes
100297,Female,19,12,Standard,117.24,Monthly,Debit Card,1,1406.88,No
100298,Male,32,57,Basic,64.88,Monthly,Bank Transfer,2,3698.16,No
100299,Male,28,46,Basic,35.9,Annual,Credit Card,0,1651.4,Yes
100300,Female,25,32,Basic,38.02,Annual,Debit Card,1,1216.64,No
100301,Male,43,15,Premium,29.82,Monthly,Credit Card,3,447.3,No
100302,Male,68,16,Premium,100.35,Monthly,Debit Card,1,1605.6,No
100303,Male,62,54,Standard,32.2,Monthly,Debit Card,4,1738.8,No
100304,Female,61,22,Basic,32.51,Monthly,Credit Card,2,715.22,No
100305,Female,22,28,Basic,105.05,Monthly,Credit Card,0,2941.4,Yes
100306,Male,23,20,Standard,54.46,Annual,Credit Card,4,1089.2,No
100307,Female,43,33,Standard,23.09,Monthly,Bank Transfer,2,761.97,No
100308,Female,21,10,Basic,25.19,Monthly,Debit Card,1,251.9,No
100309,Female,36,40,Standard,34.22,Monthly,Bank Transfer,1,1368.8,No
100310,Female,37,32,Premium,41.34,Annual,Credit Card,2,1322.88,Yes
100311,Female,50,50,Standard,86.51,Annual,Debit Card,1,4325.5,No
100312,Male,37,33,Standard,35.73,Annual,Bank Transfer,2,1179.09,No
100313,Female,66,2,Premium,31.89,Annual,Debit Card,2,63.78,No
100314,Male,29,33,Basic,96.47,Monthly,Bank Transfer,1,3183.51,No
100315,Male,64,33,Standard,87.11,Monthly,Credit Card,1,2874.63,No
100316,Female,18,41,Premium,63.53,Annual,Bank Transfer,5,2604.73,No
100317,Male,43,13,Basic,74.93,Monthly,Debit Card,1,974.09,No
100318,Male,31,30,Standard,51.2,Monthly,Debit Card,6,1536.0,Yes
100319,Male,55,33,Standard,68.25,Monthly,Debit Card,4,2252.25,No
100320,Female,54,13,Standard,70.67,Monthly,Debit Card,2,918.71,No
100321,Female,28,52,Standard,58.72,Monthly,Credit Card,1,3053.44,No
100322,Male,53,26,Premium,110.66,Monthly,Bank Transfer,1,2877.16,No
100323,Female,30,22,Premium,21.61,Annual,Credit Card,3,475.42,Yes
100324,Female,60,39,Basic,98.22,Monthly,Credit Card,2,3830.58,No
100325,Female,20,2,Premium,32.44,Monthly,Credit Card,1,64.88,Yes
100326,Female,50,38,Basic,99.75,Monthly,Debit Card,4,3790.5,No
100327,Male,23,39,Basic,81.59,Monthly,Debit Card,2,3182.01,No
100328,Male,67,26,Standard,104.33,Monthly,Debit Card,1,2712.58,No
100329,Female,27,46,Standard,29.75,Monthly,Bank Transfer,3,1368.5,No
100330,Female,22,58,Standard,75.9,Monthly,Debit Card,2,4402.2,Yes
100331,Male,40,50,Premium,70.11,Monthly,Bank Transfer,4,3505.5,No
100332,Male,27,15,Standard,90.62,Monthly,Debit Card,4,1359.3,No
100333,Female,61,34,Standard,73.43,Monthly,Debit Card,1,2496.62,No
100334,Male,19,42,Basic,74.07,Monthly,Credit Card,4,3110.94,Yes
100335,Female,30,55,Premium,62.96,Monthly,Credit Card,0,3462.8,No
100336,Female,57,44,Premium,50.88,Monthly,Credit Card,3,2238.72,No
100337,Male,19,49,Premium,68.23,Monthly,Bank Transfer,3,3343.27,No
100338,Male,37,40,Basic,31.85,Monthly,Bank Transfer,2,1274.0,No
100339,Female,18,11,Basic,116.15,Monthly,Debit Card,3,1277.65,No
100340,Female,54,3,Basic,91.44,Monthly,Bank Transfer,1,274.32,No
100341,Male,26,59,Basic,115.25,Annual,Debit Card,4,6799.75,No
100342,Female,34,6,Basic,42.67,Annual,Bank Transfer,3,256.02,No
100343,Male,26,9,Premium,107.93,Annual,Bank Transfer,0,971.37,No
100344,Female,28,6,Standard,100.88,Annual,Bank Transfer,2,605.28,No
100345,Male,32,9,Basic,87.72,Monthly,Credit Card,1,789.48,Yes
100346,Male,41,39,Basic,82.5,Annual,Bank Transfer,0,3217.5,No
100347,Male,55,31,Basic,51.65,Monthly,Credit Card,3,1601.15,Yes
100348,Female,52,32,Basic,101.64,Monthly,Credit Card,1,3252.48,No
100349,Female,47,41,Basic,70.15,Monthly,Bank Transfer,1,2876.15,Yes
100350,Male,48,50,Basic,27.09,Monthly,Debit Card,1,1354.5,No
100351,Female,66,12,Premium,51.29,Annual,Debit Card,4,615.48,Yes
100352,Male,22,8,Premium,113.53,Monthly,Debit Card,3,908.24,Yes
100353,Male,61,8,Basic,105.07,Annual,Bank Transfer,0,840.56,Yes
100354,Female,67,50,Standard,118.19,Monthly,Debit Card,1,5909.5,No
100355,Female,31,28,Premium,82.8,Monthly,Credit Card,4,2318.4,No
100356,Male,28,20,Basic,44.75,Monthly,Debit Card,2,895.0,No
100357,Female,26,47,Basic,36.28,Monthly,Bank Transfer,1,1705.16,Yes
100358,Female,51,59,Premium,38.69,Annual,Debit Card,2,2282.71,No
100359,Male,29,7,Basic,21.98,Monthly,Credit Card,1,153.86,No
100360,Male,52,11,Standard,59.07,Monthly,Bank Transfer,3,649.77,No
100361,Female,52,20,Standard,39.14,Annual,Debit Card,3,782.8,No
100362,Male,18,16,Basic,61.17,Monthly,Bank Transfer,6,978.72,No
100363,Male,57,4,Basic,113.5,Annual,Bank Transfer,1,454.0,No
100364,Female,39,6,Premium,63.05,Monthly,Bank Transfer,3,378.3,No
100365,Male,46,58,Basic,107.8,Monthly,Debit Card,1,6252.4,Yes
100366,Male,25,22,Basic,80.55,Monthly,Bank Transfer,4,1772.1,No
100367,Female,28,26,Standard,44.71,Monthly,Debit Card,2,1162.46,No
100368,Female,58,3,Standard,55.59,Monthly,Credit Card,3,166.77,No
100369,Male,54,41,Basic,28.39,Monthly,Debit Card,1,1163.99,No
100370,Male,31,42,Premium,53.35,Annual,Credit Card,2,2240.7,No
100371,Female,47,14,Basic,87.75,Annual,Debit Card,2,1228.5,No
100372,Female,52,11,Premium,27.21,Monthly,Bank Transfer,2,299.31,No
100373,Female,38,18,Premium,40.54,Monthly,Debit Card,1,729.72,No
100374,Female,54,54,Standard,58.14,Monthly,Bank Transfer,4,3139.56,No
100375,Male,22,12,Standard,118.2,Monthly,Credit Card,1,1418.4,No
100376,Female,36,23,Premium,98.49,Annual,Debit Card,1,2265.27,No
100377,Female,31,12,Basic,93.35,Monthly,Bank Transfer,2,1120.2,Yes
100378,Male,43,13,Standard,31.62,Monthly,Credit Card,2,411.06,No
100379,Female,21,25,Basic,98.1,Monthly,Credit Card,5,2452.5,No
100380,Male,42,45,Basic,98.53,Annual,Debit Card,0,4433.85,No
100381,Female,62,51,Basic,80.11,Monthly,Credit Card,0,4085.61,No
100382,Female,59,58,Premium,119.04,Monthly,Bank Transfer,2,6904.32,No
100383,Female,42,19,Premium,52.53,Monthly,Credit Card,1,998.07,No
100384,Male,35,55,Basic,114.13,Monthly,Credit Card,4,6277.15,No
100385,Male,57,46,Basic,111.47,Monthly,Bank Transfer,4,5127.62,No
100386,Female,25,36,Standard,21.15,Monthly,Credit Card,2,761.4,No
100387,Male,56,45,Standard,65.01,Annual,Credit Card,1,2925.45,Yes
100388,Male,57,8,Basic,117.71,Monthly,Credit Card,1,941.68,Yes
100389,Male,31,29,Standard,30.31,Monthly,Credit Card,4,878.99,No
100390,Male,49,55,Standard,74.78,Annual,Bank Transfer,1,4112.9,No
100391,Male,68,53,Premium,117.9,Annual,Credit Card,8,6248.7,Yes
100392,Male,55,55,Basic,75.55,Monthly,Bank Transfer,0,4155.25,Yes
100393,Female,50,32,Standard,38.98,Monthly,Credit Card,1,1247.36,Yes
100394,Female,40,51,Standard,78.22,Monthly,Credit Card,3,3989.22,No
100395,Male,32,44,Premium,40.44,Annual,Credit Card,1,1779.36,No
100396,Female,50,18,Standard,71.97,Monthly,Credit Card,3,1295.46,No
100397,Female,42,6,Standard,27.4,Monthly,Bank Transfer,2,164.4,No
100398,Female,34,18,Basic,80.55,Monthly,Bank Transfer,2,1449.9,Yes
100399,Female,50,19,Premium,71.68,Monthly,Bank Transfer,1,1361.92,No
100400,Male,64,22,Standard,94.02,Monthly,Debit Card,2,2068.44,Yes
100401,Female,19,37,Basic,83.07,Monthly,Credit Card,0,3073.59,No
100402,Female,31,32,Standard,74.96,Monthly,Credit Card,1,2398.72,Yes
100403,Male,57,56,Basic,88.98,Monthly,Bank Transfer,0,4982.88,No
100404,Male,57,41,Basic,34.39,Monthly,Debit Card,5,1409.99,No
100405,Female,68,59,Premium,79.54,Monthly,Credit Card,4,4692.86,Yes
100406,Female,56,3,Standard,37.21,Monthly,Bank Transfer,3,111.63,Yes
100407,Female,68,28,Standard,112.55,Monthly,Credit Card,1,3151.4,No
100408,Female,23,10,Basic,26.83,Monthly,Credit Card,2,268.3,Yes
100409,Female,23,51,Premium,63.04,Annual,Bank Transfer,1,3215.04,No
100410,Female,20,35,Basic,89.58,Annual,Bank Transfer,4,3135.3,No
100411,Male,24,29,Basic,65.8,Annual,Credit Card,1,1908.2,No
100412,Female,68,54,Premium,29.21,Monthly,Credit Card,0,1577.34,No
100413,Female,25,15,Premium,75.34,Monthly,Bank Transfer,3,1130.1,No
100414,Male,59,33,Standard,84.16,Monthly,Credit Card,1,2777.28,No
100415,Male,69,7,Basic,90.38,Monthly,Credit Card,3,632.66,No
100416,Male,32,12,Premium,57.33,Monthly,Bank Transfer,0,687.96,Yes
100417,Male,64,49,Standard,76.37,Annual,Credit Card,2,3742.13,No
100418,Female,46,30,Premium,65.07,Monthly,Credit Card,2,1952.1,No
100419,Female,50,21,Premium,87.21,Monthly,Debit Card,1,1831.41,No
100420,Female,69,31,Basic,78.36,Annual,Bank Transfer,3,2429.16,No
100421,Female,47,58,Basic,72.58,Annual,Debit Card,3,4209.64,Yes
100422,Female,56,24,Standard,44.95,Annual,Debit Card,1,1078.8,No
100423,Female,44,20,Basic,20.2,Monthly,Debit Card,1,404.0,Yes
100424,Male,53,37,Basic,37.41,Monthly,Credit Card,3,1384.17,Yes
100425,Female,46,4,Premium,31.71,Monthly,Credit Card,1,126.84,No
100426,Male,55,28,Standard,64.91,Monthly,Debit Card,0,1817.48,Yes
100427,Male,50,44,Premium,81.23,Monthly,Debit Card,1,3574.12,No
100428,Female,54,20,Standard,41.31,Monthly,Debit Card,3,826.2,Yes
100429,Male,44,24,Standard,113.91,Annual,Credit Card,4,2733.84,No
100430,Female,50,50,Basic,20.67,Monthly,Debit Card,2,1033.5,No
100431,Male,21,49,Basic,97.23,Annual,Debit Card,0,4764.27,No
100432,Female,39,51,Basic,82.52,Annual,Bank Transfer,2,4208.52,No
100433,Male,19,32,Basic,57.36,Monthly,Bank Transfer,1,1835.52,No
100434,Female,27,41,Premium,25.05,Annual,Credit Card,3,1027.05,No
100435,Female,22,36,Basic,82.75,Monthly,Bank Transfer,2,2979.0,No
100436,Female,27,58,Standard,58.56,Monthly,Bank Transfer,2,3396.48,Yes
100437,Female,50,53,Basic,113.63,Annual,Bank Transfer,2,6022.39,No
100438,Female,55,34,Basic,74.2,Monthly,Credit Card,0,2522.8,No
100439,Male,30,36,Standard,113.97,Annual,Bank Transfer,3,4102.92,No
100440,Male,48,2,Basic,42.05,Monthly,Credit Card,2,84.1,No
100441,Male,64,15,Basic,92.57,Monthly,Debit Card,0,1388.55,Yes
100442,Female,53,34,Basic,81.72,Monthly,Bank Transfer,2,2778.48,Yes
100443,Male,62,36,Basic,93.94,Monthly,Credit Card,2,3381.84,No
100444,Female,41,6,Premium,41.47,Monthly,Bank Transfer,2,248.82,No
100445,Female,69,39,Basic,86.5,Monthly,Debit Card,2,3373.5,Yes
100446,Male,32,42,Basic,69.8,Annual,Credit Card,3,2931.6,No
100447,Male,46,51,Standard,94.28,Annual,Credit Card,1,4808.28,No
100448,Female,25,51,Basic,52.7,Monthly,Credit Card,2,2687.7,Yes
100449,Male,22,58,Premium,109.01,Annual,Debit Card,2,6322.58,No
100450,Female,46,54,Standard,28.43,Annual,Debit Card,3,1535.22,No
100451,Female,64,12,Standard,100.72,Annual,Debit Card,2,1208.64,No
100452,Female,21,3,Standard,106.13,Monthly,Credit Card,4,318.39,No
100453,Female,29,45,Basic,101.73,Monthly,Debit Card,2,4577.85,Yes
100454,Female,62,18,Standard,71.27,Annual,Bank Transfer,1,1282.86,Yes
100455,Male,19,40,Basic,63.84,Monthly,Debit Card,1,2553.6,No
100456,Male,44,21,Premium,119.63,Annual,Credit Card,0,2512.23,Yes
100457,Female,48,15,Basic,42.92,Monthly,Bank Transfer,2,643.8,No
100458,Female,68,33,Standard,74.69,Monthly,Debit Card,4,2464.77,Yes
100459,Male,68,35,Standard,87.07,Monthly,Bank Transfer,1,3047.45,No
100460,Male,53,26,Basic,90.09,Monthly,Bank Transfer,0,2342.34,Yes
100461,Female,53,8,Basic,40.4,Monthly,Credit Card,2,323.2,Yes
100462,Male,43,36,Standard,85.4,Annual,Bank Transfer,0,3074.4,No
100463,Female,60,48,Premium,101.84,Monthly,Bank Transfer,0,4888.32,Yes
100464,Male,44,30,Basic,25.0,Annual,Credit Card,3,750.0,No
100465,Female,22,23,Premium,111.15,Annual,Credit Card,2,2556.45,No
100466,Male,37,42,Premium,22.95,Monthly,Credit Card,3,963.9,Yes
100467,Female,28,44,Premium,55.6,Annual,Bank Transfer,1,2446.4,Yes
100468,Male,27,14,Basic,21.58,Annual,Bank Transfer,1,302.12,No
100469,Male,57,14,Standard,27.71,Annual,Bank Transfer,2,387.94,No
100470,Female,55,2,Basic,111.12,Annual,Credit Card,4,222.24,No
100471,Male,23,55,Premium,55.49,Annual,Debit Card,3,3051.95,No
100472,Female,25,37,Standard,62.48,Monthly,Bank Transfer,1,2311.76,No
100473,Male,40,5,Basic,41.53,Monthly,Debit Card,4,207.65,No
100474,Female,64,38,Standard,79.71,Annual,Credit Card,1,3028.98,No
100475,Male,43,45,Basic,79.48,Monthly,Bank Transfer,3,3576.6,No
100476,Female,63,41,Premium,57.22,Monthly,Debit Card,1,2346.02,No
100477,Male,60,54,Premium,53.3,Monthly,Bank Transfer,1,2878.2,Yes
100478,Female,29,47,Standard,108.5,Annual,Bank Transfer,2,5099.5,No
100479,Male,43,14,Basic,58.33,Monthly,Bank Transfer,3,816.62,No
100480,Female,30,56,Standard,69.35,Annual,Debit Card,1,3883.6,No
100481,Female,57,39,Basic,48.33,Monthly,Credit Card,3,1884.87,No
100482,Female,35,25,Basic,98.68,Monthly,Bank Transfer,2,2467.0,Yes
100483,Male,42,20,Premium,59.74,Monthly,Credit Card,2,1194.8,No
100484,Female,50,2,Basic,71.36,Monthly,Credit Card,2,142.72,No
100485,Male,64,39,Basic,45.34,Annual,Debit Card,0,1768.26,No
100486,Female,57,6,Premium,118.77,Annual,Debit Card,5,712.62,No
100487,Male,60,17,Basic,49.15,Annual,Credit Card,2,835.55,No
100488,Female,29,59,Basic,97.07,Monthly,Bank Transfer,2,5727.13,No
100489,Male,61,25,Premium,62.75,Monthly,Debit Card,0,1568.75,No
100490,Male,53,57,Basic,40.62,Annual,Bank Transfer,4,2315.34,No
100491,Female,65,28,Premium,99.97,Annual,Bank Transfer,1,2799.16,No
100492,Male,21,2,Premium,53.36,Monthly,Bank Transfer,1,106.72,No
100493,Male,22,35,Premium,106.52,Monthly,Credit Card,5,3728.2,No
100494,Female,54,37,Standard,111.53,Monthly,Bank Transfer,0,4126.61,No
100495,Male,25,5,Basic,105.98,Annual,Credit Card,2,529.9,No
100496,Male,59,1,Basic,23.5,Monthly,Credit Card,1,23.5,Yes
100497,Male,66,40,Premium,98.74,Monthly,Bank Transfer,3,3949.6,No
100498,Female,45,12,Premium,61.13,Monthly,Bank Transfer,2,733.56,No
100499,Male,48,56,Standard,107.37,Annual,Bank Transfer,5,6012.72,No
100500,Female,26,36,Basic,83.8,Monthly,Bank Transfer,3,3016.8,No
100501,Male,68,45,Basic,103.36,Monthly,Credit Card,2,4651.2,Yes
100502,Male,46,23,Basic,69.94,Monthly,Bank Transfer,2,1608.62,Yes
100503,Male,31,47,Standard,73.5,Monthly,Bank Transfer,1,3454.5,No
100504,Female,57,31,Standard,34.44,Monthly,Credit Card,0,1067.64,Yes
100505,Male,58,11,Premium,98.4,Annual,Debit Card,1,1082.4,No
100506,Male,39,10,Standard,61.94,Annual,Debit Card,3,619.4,Yes
100507,Female,28,3,Basic,70.01,Annual,Credit Card,1,210.03,No
100508,Male,40,54,Standard,98.51,Annual,Debit Card,1,5319.54,No
100509,Female,18,14,Standard,79.88,Monthly,Credit Card,0,1118.32,No
100510,Female,63,16,Standard,40.11,Annual,Bank Transfer,2,641.76,No
100511,Male,54,10,Standard,79.02,Monthly,Bank Transfer,3,790.2,Yes
100512,Female,38,29,Premium,60.76,Annual,Debit Card,4,1762.04,Yes
100513,Male,43,10,Premium,66.95,Annual,Bank Transfer,2,669.5,No
100514,Female,63,12,Basic,22.83,Monthly,Debit Card,3,273.96,No
100515,Female,53,30,Basic,41.0,Monthly,Debit Card,3,1230.0,No
100516,Male,40,41,Standard,48.1,Monthly,Bank Transfer,2,1972.1,No
100517,Female,18,1,Basic,91.3,Monthly,Bank Transfer,3,91.3,Yes
100518,Female,68,5,Basic,21.15,Monthly,Debit Card,0,105.75,No
100519,Female,57,20,Basic,60.88,Annual,Bank Transfer,2,1217.6,No
100520,Female,32,8,Standard,112.4,Annual,Credit Card,2,899.2,Yes
100521,Female,38,43,Basic,31.19,Monthly,Bank Transfer,4,1341.17,Yes
100522,Male,64,12,Standard,71.64,Monthly,Bank Transfer,2,859.68,Yes
100523,Female,26,1,Premium,98.65,Monthly,Credit Card,2,98.65,Yes
100524,Male,26,57,Basic,114.25,Annual,Bank Transfer,2,6512.25,No
100525,Female,27,54,Basic,94.68,Monthly,Bank Transfer,2,5112.72,Yes
100526,Male,69,20,Basic,92.06,Monthly,Debit Card,1,1841.2,Yes
100527,Male,43,28,Premium,102.65,Monthly,Bank Transfer,2,2874.2,Yes
100528,Female,58,57,Basic,64.62,Monthly,Bank Transfer,3,3683.34,No
100529,Female,52,43,Basic,100.58,Monthly,Credit Card,1,4324.94,No
100530,Female,69,37,Basic,20.8,Annual,Debit Card,3,769.6,No
100531,Male,42,47,Premium,112.46,Monthly,Debit Card,3,5285.62,No
100532,Female,43,37,Standard,64.33,Annual,Debit Card,1,2380.21,No
100533,Male,28,12,Premium,75.34,Monthly,Bank Transfer,1,904.08,No
100534,Male,55,37,Premium,45.49,Annual,Debit Card,4,1683.13,Yes
100535,Male,19,49,Basic,94.25,Annual,Credit Card,2,4618.25,No
100536,Female,24,49,Premium,27.66,Monthly,Debit Card,1,1355.34,No
100537,Female,35,56,Basic,107.26,Monthly,Credit Card,1,6006.56,No
100538,Male,44,44,Premium,102.81,Monthly,Debit Card,0,4523.64,Yes
100539,Male,51,56,Standard,41.61,Annual,Debit Card,2,2330.16,No
100540,Female,44,28,Premium,100.93,Monthly,Credit Card,3,2826.04,No
100541,Male,34,47,Basic,98.64,Annual,Debit Card,2,4636.08,Yes
100542,Female,60,15,Basic,83.22,Monthly,Debit Card,1,1248.3,No
100543,Male,61,6,Basic,57.35,Annual,Debit Card,1,344.1,Yes
100544,Female,68,44,Basic,47.15,Annual,Bank Transfer,4,2074.6,No
100545,Male,41,59,Basic,43.18,Annual,Credit Card,1,2547.62,No
100546,Female,42,20,Basic,51.86,Monthly,Debit Card,1,1037.2,No
100547,Male,24,50,Basic,110.36,Monthly,Credit Card,3,5518.0,No
100548,Female,69,14,Standard,27.76,Annual,Credit Card,1,388.64,No
100549,Female,23,2,Premium,102.89,Monthly,Credit Card,1,205.78,Yes
100550,Male,41,9,Standard,54.89,Monthly,Debit Card,3,494.01,No
100551,Male,50,37,Basic,72.16,Monthly,Debit Card,2,2669.92,Yes
100552,Female,66,20,Standard,99.45,Monthly,Credit Card,2,1989.0,No
100553,Male,46,26,Basic,108.44,Monthly,Bank Transfer,2,2819.44,Yes
100554,Female,60,29,Premium,54.48,Monthly,Credit Card,2,1579.92,Yes
100555,Male,39,1,Basic,66.18,Monthly,Bank Transfer,3,66.18,No
100556,Female,43,55,Standard,61.45,Annual,Credit Card,3,3379.75,No
100557,Female,45,35,Premium,21.33,Annual,Credit Card,5,746.55,No
100558,Female,67,6,Premium,49.59,Annual,Credit Card,1,297.54,No
100559,Female,38,37,Standard,65.92,Annual,Debit Card,3,2439.04,No
100560,Female,66,53,Premium,61.11,Monthly,Bank Transfer,1,3238.83,No
100561,Female,24,59,Premium,92.19,Monthly,Bank Transfer,0,5439.21,No
100562,Male,34,5,Standard,58.48,Monthly,Credit Card,2,292.4,Yes
100563,Male,37,33,Standard,68.94,Monthly,Debit Card,3,2275.02,No
100564,Male,58,49,Standard,62.96,Annual,Debit Card,1,3085.04,No
100565,Female,66,51,Standard,94.06,Monthly,Bank Transfer,4,4797.06,Yes
100566,Female,37,14,Standard,106.3,Monthly,Debit Card,1,1488.2,Yes
100567,Female,39,12,Standard,73.19,Monthly,Bank Transfer,0,878.28,No
100568,Female,45,42,Basic,98.94,Monthly,Bank Transfer,2,4155.48,No
100569,Male,57,20,Basic,49.68,Annual,Bank Transfer,0,993.6,No
100570,Male,66,53,Basic,74.14,Monthly,Debit Card,4,3929.42,Yes
100571,Female,24,50,Basic,54.52,Annual,Bank Transfer,1,2726.0,No
100572,Male,18,24,Basic,61.42,Monthly,Bank Transfer,2,1474.08,Yes
100573,Male,49,59,Standard,93.24,Monthly,Credit Card,1,5501.16,No
100574,Female,30,43,Basic,108.17,Annual,Bank Transfer,1,4651.31,No
100575,Male,47,34,Premium,32.15,Monthly,Bank Transfer,1,1093.1,Yes
100576,Female,40,25,Basic,83.46,Annual,Credit Card,2,2086.5,No
100577,Male,68,50,Basic,78.21,Annual,Credit Card,1,3910.5,No
100578,Female,36,29,Standard,31.84,Annual,Debit Card,2,923.36,No
100579,Female,49,57,Standard,41.19,Annual,Bank Transfer,3,2347.83,No
100580,Female,47,39,Basic,51.1,Monthly,Debit Card,4,1992.9,No
100581,Female,46,31,Premium,36.69,Annual,Debit Card,2,1137.39,No
100582,Male,66,56,Premium,44.37,Monthly,Credit Card,2,2484.72,Yes
100583,Female,62,47,Basic,46.76,Annual,Debit Card,3,2197.72,Yes
100584,Female,46,43,Basic,53.57,Annual,Bank Transfer,3,2303.51,No
100585,Female,47,50,Premium,94.94,Annual,Credit Card,2,4747.0,No
100586,Male,33,23,Standard,77.19,Annual,Bank Transfer,3,1775.37,No
100587,Female,57,44,Standard,118.62,Monthly,Bank Transfer,1,5219.28,No
100588,Male,36,38,Premium,61.47,Annual,Credit Card,4,2335.86,No
100589,Female,35,20,Basic,95.39,Monthly,Bank Transfer,0,1907.8,No
100590,Male,18,23,Standard,107.15,Annual,Credit Card,5,2464.45,No
100591,Male,31,45,Basic,87.9,Annual,Bank Transfer,2,3955.5,No
100592,Female,68,52,Premium,61.19,Monthly,Credit Card,1,3181.88,No
100593,Male,64,16,Standard,95.36,Monthly,Debit Card,1,1525.76,Yes
100594,Female,67,50,Standard,40.37,Monthly,Bank Transfer,1,2018.5,Yes
100595,Female,19,42,Basic,52.76,Annual,Credit Card,2,2215.92,No
100596,Female,45,55,Basic,74.67,Monthly,Bank Transfer,1,4106.85,Yes
100597,Male,66,8,Standard,77.54,Monthly,Bank Transfer,4,620.32,Yes
100598,Male,67,50,Standard,22.21,Monthly,Bank Transfer,3,1110.5,No
100599,Female,47,21,Standard,114.51,Annual,Credit Card,0,2404.71,No
100600,Female,55,1,Basic,89.66,Monthly,Debit Card,2,89.66,No
100601,Male,68,55,Premium,69.57,Monthly,Debit Card,0,3826.35,No
100602,Female,21,8,Basic,113.31,Monthly,Debit Card,0,906.48,No
100603,Female,18,29,Premium,63.91,Monthly,Credit Card,2,1853.39,Yes
100604,Female,25,32,Basic,118.04,Monthly,Debit Card,3,3777.28,Yes
100605,Male,46,38,Standard,71.23,Monthly,Credit Card,2,2706.74,No
100606,Male,56,5,Basic,31.43,Monthly,Bank Transfer,2,157.15,No
100607,Male,20,47,Premium,96.48,Annual,Bank Transfer,1,4534.56,No
100608,Female,49,22,Standard,87.89,Annual,Debit Card,0,1933.58,No
100609,Female,27,47,Basic,97.3,Monthly,Credit Card,2,4573.1,Yes
100610,Female,27,34,Basic,115.14,Annual,Bank Transfer,3,3914.76,No
100611,Male,36,1,Basic,97.65,Monthly,Credit Card,3,97.65,No
100612,Female,63,55,Basic,81.13,Monthly,Credit Card,3,4462.15,No
100613,Female,51,55,Premium,105.73,Monthly,Bank Transfer,3,5815.15,Yes
100614,Female,50,26,Standard,87.32,Monthly,Credit Card,0,2270.32,No
100615,Female,40,43,Premium,60.81,Monthly,Bank Transfer,1,2614.83,No
100616,Male,45,10,Standard,108.56,Monthly,Bank Transfer,2,1085.6,Yes
100617,Male,49,30,Standard,42.19,Monthly,Bank Transfer,1,1265.7,No
100618,Female,67,50,Basic,91.46,Annual,Credit Card,4,4573.0,Yes
100619,Male,24,18,Basic,108.16,Monthly,Bank Transfer,0,1946.88,No
100620,Male,46,17,Premium,93.13,Monthly,Credit Card,1,1583.21,No
100621,Female,25,26,Premium,89.73,Monthly,Bank Transfer,4,2332.98,No
100622,Female,18,8,Basic,95.26,Monthly,Bank Transfer,1,762.08,No
100623,Male,20,47,Basic,66.51,Monthly,Debit Card,2,3125.97,Yes
100624,Female,41,40,Standard,107.42,Monthly,Debit Card,4,4296.8,No
100625,Male,40,49,Premium,40.34,Annual,Debit Card,2,1976.66,No
100626,Female,25,12,Basic,32.74,Monthly,Credit Card,3,392.88,Yes
100627,Male,64,27,Standard,48.55,Monthly,Credit Card,1,1310.85,No
100628,Female,54,8,Premium,73.16,Annual,Bank Transfer,2,585.28,No
100629,Male,20,25,Basic,71.06,Monthly,Bank Transfer,1,1776.5,Yes
100630,Male,68,46,Basic,102.06,Monthly,Bank Transfer,3,4694.76,Yes
100631,Male,50,4,Standard,60.46,Annual,Bank Transfer,3,241.84,Yes
100632,Female,45,33,Premium,68.43,Monthly,Credit Card,1,2258.19,No
100633,Male,64,1,Basic,21.34,Monthly,Bank Transfer,3,21.34,No
100634,Male,25,19,Standard,60.97,Monthly,Bank Transfer,3,1158.43,No
100635,Female,51,31,Standard,84.78,Monthly,Debit Card,3,2628.18,No
100636,Female,52,16,Standard,21.55,Monthly,Bank Transfer,2,344.8,No
100637,Male,49,14,Standard,48.09,Monthly,Bank Transfer,0,673.26,No
100638,Male,41,53,Standard,40.8,Monthly,Bank Transfer,4,2162.4,Yes
100639,Female,31,48,Standard,24.2,Monthly,Credit Card,1,1161.6,No
100640,Female,49,5,Standard,67.93,Annual,Debit Card,2,339.65,No
100641,Female,63,41,Standard,38.17,Monthly,Bank Transfer,2,1564.97,No
100642,Female,60,26,Standard,94.31,Monthly,Bank Transfer,1,2452.06,No
100643,Female,33,28,Premium,104.79,Monthly,Debit Card,2,2934.12,No
100644,Male,21,2,Basic,74.56,Annual,Bank Transfer,6,149.12,No
100645,Female,69,50,Premium,118.17,Monthly,Credit Card,0,5908.5,Yes
100646,Male,54,6,Premium,65.05,Annual,Bank Transfer,4,390.3,No
100647,Male,38,9,Basic,71.34,Monthly,Credit Card,2,642.06,Yes
100648,Male,31,33,Standard,118.92,Monthly,Credit Card,1,3924.36,No
100649,Female,48,41,Standard,43.15,Monthly,Bank Transfer,2,1769.15,Yes
100650,Male,65,25,Basic,114.25,Monthly,Debit Card,4,2856.25,Yes
100651,Male,35,48,Basic,24.28,Monthly,Credit Card,1,1165.44,No
100652,Female,24,13,Basic,64.64,Monthly,Debit Card,2,840.32,Yes
100653,Male,27,9,Basic,27.0,Monthly,Bank Transfer,2,243.0,Yes
100654,Male,24,53,Premium,92.92,Monthly,Credit Card,5,4924.76,No
100655,Female,50,13,Basic,80.84,Annual,Bank Transfer,1,1050.92,No
100656,Male,40,31,Premium,90.66,Annual,Debit Card,0,2810.46,Yes
100657,Male,38,41,Standard,57.45,Monthly,Bank Transfer,2,2355.45,No
100658,Male,36,11,Premium,56.95,Monthly,Bank Transfer,1,626.45,No
100659,Female,65,4,Standard,24.53,Monthly,Credit Card,0,98.12,No
100660,Female,36,34,Basic,54.99,Annual,Bank Transfer,1,1869.66,No
100661,Female,53,38,Standard,112.93,Monthly,Bank Transfer,1,4291.34,No
100662,Male,46,46,Basic,57.92,Annual,Bank Transfer,2,2664.32,No
100663,Male,35,4,Standard,103.14,Monthly,Credit Card,2,412.56,Yes
100664,Female,19,38,Premium,104.23,Monthly,Debit Card,2,3960.74,Yes
100665,Male,18,19,Basic,57.32,Monthly,Debit Card,0,1089.08,No
100666,Male,64,6,Basic,83.2,Annual,Bank Transfer,3,499.2,No
100667,Female,22,34,Standard,29.54,Monthly,Credit Card,1,1004.36,No
100668,Female,37,18,Premium,30.37,Monthly,Bank Transfer,1,546.66,Yes
100669,Male,28,13,Standard,24.87,Annual,Debit Card,3,323.31,Yes
100670,Male,59,41,Basic,78.1,Monthly,Credit Card,1,3202.1,No
100671,Male,19,23,Standard,62.61,Annual,Debit Card,0,1440.03,No
100672,Female,20,19,Basic,74.8,Monthly,Debit Card,1,1421.2,Yes
100673,Female,40,45,Standard,72.11,Annual,Credit Card,2,3244.95,No
100674,Female,29,11,Premium,55.02,Monthly,Credit Card,2,605.22,Yes
100675,Female,37,1,Standard,87.75,Monthly,Bank Transfer,1,87.75,No
100676,Male,22,24,Premium,95.85,Annual,Bank Transfer,1,2300.4,No
100677,Female,54,54,Basic,21.46,Monthly,Debit Card,4,1158.84,No
100678,Female,55,7,Standard,40.72,Monthly,Credit Card,3,285.04,No
100679,Female,47,25,Premium,91.32,Monthly,Credit Card,0,2283.0,No
100680,Female,26,21,Basic,58.66,Monthly,Bank Transfer,1,1231.86,No
100681,Female,51,15,Premium,86.25,Monthly,Debit Card,3,1293.75,No
100682,Male,61,1,Basic,54.7,Monthly,Debit Card,3,54.7,No
100683,Male,52,12,Standard,59.08,Monthly,Bank Transfer,1,708.96,No
100684,Female,69,58,Premium,35.87,Monthly,Credit Card,2,2080.46,No
100685,Male,39,7,Standard,45.82,Monthly,Bank Transfer,3,320.74,No
100686,Female,61,15,Basic,80.54,Monthly,Bank Transfer,1,1208.1,No
100687,Female,41,21,Standard,63.32,Annual,Bank Transfer,0,1329.72,No
100688,Male,34,19,Standard,97.43,Annual,Bank Transfer,2,1851.17,Yes
100689,Male,27,29,Premium,105.26,Annual,Credit Card,3,3052.54,No
100690,Female,47,25,Standard,74.16,Monthly,Bank Transfer,2,1854.0,No
100691,Female,63,33,Basic,95.83,Monthly,Credit Card,3,3162.39,No
100692,Female,40,49,Standard,50.69,Monthly,Bank Transfer,0,2483.81,No
100693,Male,49,32,Standard,61.5,Monthly,Debit Card,2,1968.0,No
100694,Female,34,49,Standard,91.28,Monthly,Credit Card,4,4472.72,No
100695,Female,67,35,Standard,58.62,Monthly,Debit Card,4,2051.7,Yes
100696,Female,68,44,Premium,78.85,Monthly,Bank Transfer,2,3469.4,No
100697,Male,34,38,Standard,38.54,Annual,Bank Transfer,2,1464.52,No
100698,Female,31,26,Standard,79.98,Monthly,Bank Transfer,1,2079.48,Yes
100699,Female,26,11,Basic,106.15,Monthly,Credit Card,1,1167.65,No
100700,Male,57,35,Basic,106.86,Monthly,Debit Card,0,3740.1,No
100701,Female,19,8,Basic,92.43,Monthly,Credit Card,2,739.44,Yes
100702,Female,62,46,Basic,94.58,Annual,Credit Card,0,4350.68,No
100703,Male,42,14,Standard,75.79,Monthly,Bank Transfer,1,1061.06,No
100704,Female,56,10,Standard,78.47,Monthly,Debit Card,3,784.7,Yes
100705,Male,26,2,Standard,33.37,Monthly,Bank Transfer,0,66.74,Yes
100706,Male,39,46,Premium,64.39,Monthly,Credit Card,2,2961.94,Yes
100707,Female,60,9,Premium,65.08,Monthly,Bank Transfer,1,585.72,No
100708,Female,63,3,Premium,115.85,Annual,Debit Card,2,347.55,No
100709,Female,21,21,Standard,63.11,Annual,Bank Transfer,0,1325.31,No
100710,Female,43,26,Standard,74.93,Annual,Debit Card,2,1948.18,Yes
100711,Male,46,8,Standard,73.33,Monthly,Debit Card,1,586.64,No
100712,Female,62,48,Basic,83.68,Annual,Bank Transfer,3,4016.64,No
100713,Male,51,2,Basic,94.82,Monthly,Credit Card,3,189.64,Yes
100714,Female,40,6,Premium,42.5,Monthly,Bank Transfer,2,255.0,No
100715,Female,54,28,Premium,72.87,Monthly,Credit Card,2,2040.36,No
100716,Female,28,53,Basic,102.59,Monthly,Credit Card,2,5437.27,No
100717,Male,23,29,Standard,66.31,Monthly,Bank Transfer,0,1922.99,No
100718,Female,35,26,Premium,47.85,Annual,Credit Card,2,1244.1,No
100719,Female,38,25,Basic,85.47,Monthly,Credit Card,2,2136.75,No
100720,Female,59,12,Basic,102.38,Monthly,Bank Transfer,1,1228.56,No
100721,Female,53,5,Premium,26.31,Monthly,Bank Transfer,3,131.55,No
100722,Male,58,34,Standard,97.68,Annual,Bank Transfer,1,3321.12,No
100723,Female,55,48,Basic,102.16,Annual,Credit Card,1,4903.68,No
100724,Male,51,37,Standard,66.15,Annual,Debit Card,2,2447.55,No
100725,Male,34,15,Premium,118.33,Monthly,Credit Card,1,1774.95,No
100726,Male,54,44,Standard,98.67,Monthly,Debit Card,1,4341.48,Yes
100727,Male,42,36,Basic,97.37,Monthly,Bank Transfer,0,3505.32,No
100728,Male,55,15,Basic,94.78,Monthly,Debit Card,3,1421.7,Yes
100729,Male,29,43,Standard,35.06,Monthly,Bank Transfer,2,1507.58,No
100730,Female,40,48,Standard,41.72,Monthly,Bank Transfer,2,2002.56,No
100731,Male,59,23,Premium,66.4,Monthly,Debit Card,4,1527.2,No
100732,Male,39,6,Basic,46.4,Annual,Bank Transfer,1,278.4,No
100733,Male,38,46,Premium,61.52,Monthly,Debit Card,3,2829.92,No
100734,Female,44,50,Basic,108.85,Monthly,Bank Transfer,2,5442.5,Yes
100735,Female,48,44,Basic,102.43,Monthly,Credit Card,2,4506.92,No
100736,Male,23,59,Basic,83.0,Annual,Credit Card,1,4897.0,No
100737,Female,44,43,Basic,105.81,Annual,Bank Transfer,3,4549.83,Yes
100738,Male,57,45,Standard,98.38,Annual,Bank Transfer,1,4427.1,No
100739,Male,51,21,Standard,62.9,Annual,Debit Card,2,1320.9,No
100740,Female,29,23,Basic,40.11,Monthly,Credit Card,1,922.53,No
100741,Male,62,43,Standard,71.42,Monthly,Debit Card,3,3071.06,No
100742,Female,24,55,Basic,93.62,Monthly,Bank Transfer,3,5149.1,No
100743,Female,27,16,Premium,63.64,Monthly,Bank Transfer,1,1018.24,Yes
100744,Male,62,47,Premium,86.68,Monthly,Debit Card,2,4073.96,Yes
100745,Male,34,53,Basic,29.43,Monthly,Bank Transfer,0,1559.79,No
100746,Female,43,15,Standard,94.8,Annual,Credit Card,2,1422.0,No
100747,Male,38,25,Basic,101.27,Annual,Debit Card,2,2531.75,Yes
100748,Male,45,36,Basic,90.68,Annual,Credit Card,0,3264.48,No
100749,Male,63,11,Basic,116.73,Annual,Credit Card,3,1284.03,No
100750,Female,19,51,Premium,102.67,Annual,Credit Card,4,5236.17,No
100751,Female,60,15,Standard,110.31,Monthly,Debit Card,0,1654.65,No
100752,Male,18,4,Basic,113.36,Monthly,Bank Transfer,3,453.44,No
100753,Female,68,21,Premium,100.13,Annual,Credit Card,1,2102.73,No
100754,Female,53,13,Standard,87.43,Annual,Credit Card,2,1136.59,No
100755,Female,68,22,Premium,20.57,Monthly,Credit Card,3,452.54,No
100756,Female,43,19,Standard,66.58,Annual,Bank Transfer,2,1265.02,No
100757,Female,46,34,Standard,77.12,Monthly,Bank Transfer,0,2622.08,No
100758,Male,38,14,Basic,50.4,Monthly,Debit Card,0,705.6,Yes
100759,Male,28,4,Basic,51.81,Annual,Bank Transfer,1,207.24,No
100760,Male,57,48,Premium,116.12,Monthly,Debit Card,4,5573.76,No
100761,Female,28,53,Basic,109.17,Monthly,Debit Card,1,5786.01,No
100762,Female,53,52,Premium,104.92,Monthly,Debit Card,0,5455.84,No
100763,Male,66,46,Standard,60.6,Annual,Debit Card,2,2787.6,No
100764,Female,56,27,Basic,21.37,Monthly,Debit Card,0,576.99,Yes
100765,Male,57,29,Basic,28.02,Annual,Credit Card,3,812.58,Yes
100766,Male,52,47,Basic,51.22,Monthly,Bank Transfer,3,2407.34,No
100767,Male,51,28,Premium,21.57,Monthly,Credit Card,2,603.96,No
100768,Female,64,35,Standard,21.71,Annual,Debit Card,4,759.85,No
100769,Female,41,8,Basic,111.66,Monthly,Bank Transfer,0,893.28,No
100770,Male,39,16,Basic,90.62,Annual,Credit Card,4,1449.92,Yes
100771,Male,22,42,Basic,50.9,Monthly,Credit Card,1,2137.8,No
100772,Male,50,36,Standard,33.26,Annual,Debit Card,2,1197.36,Yes
100773,Male,53,30,Basic,71.16,Monthly,Credit Card,1,2134.8,No
100774,Female,64,18,Premium,20.53,Monthly,Credit Card,1,369.54,No
100775,Female,37,2,Basic,113.84,Monthly,Credit Card,4,227.68,No
100776,Male,36,49,Basic,61.48,Monthly,Credit Card,0,3012.52,No
100777,Male,52,13,Standard,60.23,Monthly,Credit Card,0,782.99,No
100778,Female,69,4,Standard,59.06,Monthly,Debit Card,3,236.24,No
100779,Female,60,26,Premium,26.93,Monthly,Debit Card,1,700.18,No
100780,Male,34,25,Standard,83.83,Monthly,Credit Card,2,2095.75,Yes
100781,Male,62,30,Basic,93.3,Monthly,Debit Card,1,2799.0,No
100782,Male,60,11,Standard,87.61,Annual,Debit Card,2,963.71,No
100783,Female,51,7,Basic,33.84,Monthly,Bank Transfer,3,236.88,No
100784,Female,26,31,Basic,77.88,Monthly,Credit Card,3,2414.28,Yes
100785,Female,43,44,Premium,76.95,Monthly,Debit Card,1,3385.8,No
100786,Male,19,10,Premium,106.84,Annual,Debit Card,1,1068.4,Yes
100787,Male,26,39,Premium,57.91,Monthly,Credit Card,1,2258.49,Yes
100788,Female,26,13,Standard,57.15,Annual,Bank Transfer,2,742.95,No
100789,Female,57,31,Standard,81.85,Annual,Credit Card,2,2537.35,Yes
100790,Male,34,7,Basic,83.31,Annual,Bank Transfer,4,583.17,Yes
100791,Female,18,56,Basic,66.93,Monthly,Credit Card,4,3748.08,No
100792,Female,42,49,Premium,64.31,Monthly,Credit Card,4,3151.19,Yes
100793,Male,60,42,Basic,69.41,Annual,Credit Card,2,2915.22,No
100794,Female,57,42,Premium,106.1,Monthly,Credit Card,2,4456.2,Yes
100795,Male,59,56,Standard,66.12,Monthly,Bank Transfer,0,3702.72,No
100796,Male,42,36,Basic,113.99,Monthly,Bank Transfer,2,4103.64,No
100797,Male,56,20,Standard,70.4,Annual,Debit Card,1,1408.0,No
100798,Male,52,4,Standard,114.92,Monthly,Credit Card,2,459.68,No
100799,Male,20,54,Basic,103.28,Annual,Bank Transfer,2,5577.12,No
100800,Male,67,7,Premium,56.24,Monthly,Bank Transfer,1,393.68,No
100801,Male,54,54,Standard,106.36,Monthly,Bank Transfer,5,5743.44,Yes
100802,Female,61,1,Basic,31.01,Monthly,Credit Card,1,31.01,No
100803,Male,61,44,Standard,112.5,Monthly,Debit Card,3,4950.0,No
100804,Male,68,56,Premium,83.16,Annual,Bank Transfer,2,4656.96,No
100805,Female,47,45,Basic,25.44,Annual,Credit Card,3,1144.8,No
100806,Female,55,42,Premium,84.43,Annual,Bank Transfer,4,3546.06,No
100807,Female,51,47,Basic,117.42,Monthly,Bank Transfer,1,5518.74,No
100808,Male,29,59,Premium,26.98,Annual,Debit Card,0,1591.82,No
100809,Female,36,13,Standard,75.47,Monthly,Bank Transfer,4,981.11,No
100810,Male,54,55,Basic,94.78,Monthly,Bank Transfer,3,5212.9,Yes
100811,Male,61,22,Basic,101.03,Monthly,Credit Card,1,2222.66,No
100812,Male,66,54,Premium,61.38,Monthly,Credit Card,2,3314.52,No
100813,Male,34,21,Standard,40.42,Annual,Debit Card,4,848.82,Yes
100814,Female,27,22,Standard,24.23,Annual,Credit Card,3,533.06,Yes
100815,Female,66,28,Basic,77.97,Monthly,Credit Card,1,2183.16,Yes
100816,Male,64,9,Premium,65.29,Annual,Debit Card,0,587.61,No
100817,Male,29,26,Standard,114.87,Monthly,Bank Transfer,4,2986.62,Yes
100818,Male,33,9,Premium,26.06,Monthly,Debit Card,1,234.54,No
100819,Female,41,15,Basic,88.54,Monthly,Credit Card,1,1328.1,Yes
100820,Male,36,10,Standard,22.5,Monthly,Debit Card,3,225.0,Yes
100821,Male,25,24,Standard,37.14,Monthly,Bank Transfer,3,891.36,No
100822,Female,48,58,Basic,65.36,Monthly,Debit Card,2,3790.88,No
100823,Female,38,57,Standard,65.49,Annual,Credit Card,0,3732.93,No
100824,Male,34,42,Basic,88.57,Annual,Credit Card,3,3719.94,No
100825,Female,40,8,Standard,111.02,Monthly,Debit Card,1,888.16,No
100826,Female,54,24,Standard,83.9,Annual,Bank Transfer,1,2013.6,Yes
100827,Male,33,16,Basic,115.35,Monthly,Debit Card,2,1845.6,Yes
100828,Female,23,49,Standard,108.16,Monthly,Bank Transfer,1,5299.84,No
100829,Male,25,26,Standard,78.45,Annual,Bank Transfer,1,2039.7,No
100830,Female,42,27,Basic,103.38,Monthly,Debit Card,2,2791.26,No
100831,Male,35,37,Premium,84.26,Monthly,Bank Transfer,1,3117.62,Yes
100832,Male,42,4,Premium,27.86,Monthly,Credit Card,3,111.44,Yes
100833,Male,29,50,Standard,94.06,Monthly,Debit Card,1,4703.0,Yes
100834,Female,32,24,Basic,29.49,Annual,Bank Transfer,1,707.76,No
100835,Male,43,19,Premium,79.41,Monthly,Credit Card,4,1508.79,No
100836,Female,58,36,Standard,90.26,Monthly,Debit Card,1,3249.36,No
100837,Male,62,39,Basic,26.65,Monthly,Credit Card,3,1039.35,No
100838,Male,43,10,Standard,43.08,Annual,Credit Card,1,430.8,No
100839,Female,64,25,Standard,111.57,Monthly,Credit Card,0,2789.25,No
100840,Male,49,18,Standard,81.63,Annual,Bank Transfer,3,1469.34,No
100841,Male,27,19,Standard,44.63,Monthly,Debit Card,1,847.97,No
100842,Female,33,36,Standard,89.07,Monthly,Debit Card,0,3206.52,Yes
100843,Male,24,10,Premium,79.68,Monthly,Bank Transfer,3,796.8,Yes
100844,Male,34,33,Basic,70.16,Monthly,Debit Card,1,2315.28,No
100845,Male,40,55,Standard,117.62,Monthly,Credit Card,1,6469.1,No
100846,Male,43,50,Premium,88.35,Monthly,Debit Card,4,4417.5,No
100847,Female,38,5,Standard,57.54,Annual,Bank Transfer,2,287.7,No
100848,Female,39,47,Standard,100.01,Monthly,Credit Card,3,4700.47,No
100849,Male,24,49,Standard,108.46,Annual,Bank Transfer,2,5314.54,No
100850,Female,31,35,Standard,32.52,Monthly,Credit Card,1,1138.2,No
100851,Male,32,44,Premium,40.06,Monthly,Credit Card,0,1762.64,No
100852,Female,24,34,Standard,41.62,Monthly,Debit Card,2,1415.08,No
100853,Male,26,33,Premium,89.12,Annual,Credit Card,0,2940.96,No
100854,Male,68,55,Basic,80.3,Monthly,Bank Transfer,3,4416.5,No
100855,Male,65,21,Basic,81.9,Monthly,Debit Card,1,1719.9,No
100856,Male,25,17,Standard,114.08,Monthly,Bank Transfer,0,1939.36,Yes
100857,Male,67,22,Basic,97.59,Monthly,Credit Card,1,2146.98,No
100858,Male,40,48,Basic,32.79,Monthly,Bank Transfer,1,1573.92,No
100859,Female,46,37,Basic,54.75,Monthly,Bank Transfer,4,2025.75,Yes
100860,Male,35,15,Basic,63.54,Monthly,Credit Card,3,953.1,Yes
100861,Female,48,35,Basic,59.6,Monthly,Debit Card,3,2086.0,No
100862,Male,47,28,Premium,86.93,Annual,Bank Transfer,1,2434.04,No
100863,Female,69,7,Basic,109.19,Monthly,Credit Card,2,764.33,No
100864,Female,56,32,Standard,50.61,Monthly,Debit Card,3,1619.52,No
100865,Female,52,11,Premium,75.19,Monthly,Debit Card,3,827.09,Yes
100866,Male,35,10,Premium,98.94,Monthly,Debit Card,4,989.4,No
100867,Male,59,9,Basic,61.62,Monthly,Bank Transfer,0,554.58,No
100868,Female,56,14,Premium,36.81,Monthly,Bank Transfer,0,515.34,No
100869,Male,34,13,Standard,67.5,Monthly,Bank Transfer,3,877.5,No
100870,Female,31,57,Standard,25.52,Monthly,Debit Card,2,1454.64,No
100871,Male,48,25,Standard,114.24,Monthly,Bank Transfer,1,2856.0,Yes
100872,Female,41,2,Premium,27.48,Monthly,Credit Card,1,54.96,No
100873,Female,52,35,Basic,63.85,Annual,Bank Transfer,1,2234.75,No
100874,Male,61,7,Standard,72.99,Monthly,Bank Transfer,3,510.93,No
100875,Female,62,21,Standard,118.53,Monthly,Debit Card,1,2489.13,No
100876,Male,51,18,Premium,36.6,Monthly,Bank Transfer,0,658.8,Yes
100877,Female,20,3,Premium,31.44,Monthly,Credit Card,1,94.32,No
100878,Female,54,42,Basic,20.87,Monthly,Debit Card,5,876.54,Yes
100879,Male,60,54,Premium,35.56,Monthly,Credit Card,1,1920.24,No
100880,Male,57,39,Basic,40.73,Annual,Debit Card,0,1588.47,No
100881,Male,43,41,Basic,83.06,Monthly,Debit Card,3,3405.46,No
100882,Female,40,49,Basic,41.97,Monthly,Bank Transfer,2,2056.53,Yes
100883,Male,61,11,Basic,22.05,Monthly,Credit Card,1,242.55,No
100884,Female,56,39,Standard,102.66,Monthly,Debit Card,1,4003.74,No
100885,Female,32,24,Basic,56.56,Monthly,Bank Transfer,4,1357.44,No
100886,Male,66,46,Basic,55.37,Annual,Debit Card,1,2547.02,No
100887,Male,21,19,Premium,50.25,Monthly,Debit Card,2,954.75,No
100888,Female,46,4,Premium,117.54,Annual,Debit Card,2,470.16,No
100889,Female,39,26,Premium,37.01,Annual,Debit Card,1,962.26,No
100890,Male,42,38,Premium,109.82,Annual,Debit Card,4,4173.16,No
100891,Male,30,42,Standard,97.68,Monthly,Debit Card,1,4102.56,No
100892,Male,35,32,Basic,27.65,Monthly,Bank Transfer,0,884.8,No
100893,Male,50,39,Basic,118.67,Monthly,Debit Card,2,4628.13,No
100894,Male,33,45,Standard,47.14,Monthly,Credit Card,0,2121.3,No
100895,Female,62,46,Basic,29.86,Monthly,Bank Transfer,3,1373.56,No
100896,Female,59,36,Standard,102.93,Annual,Credit Card,0,3705.48,No
100897,Female,61,40,Basic,90.67,Monthly,Debit Card,5,3626.8,No
100898,Female,19,37,Basic,81.72,Monthly,Credit Card,3,3023.64,No
100899,Male,52,33,Standard,35.6,Monthly,Debit Card,1,1174.8,No
100900,Male,59,36,Standard,67.85,Monthly,Debit Card,2,2442.6,No
100901,Male,51,3,Standard,98.06,Monthly,Bank Transfer,2,294.18,No
100902,Female,47,9,Standard,50.36,Annual,Bank Transfer,2,453.24,No
100903,Female,30,8,Basic,51.17,Annual,Debit Card,1,409.36,No
100904,Male,30,33,Basic,20.31,Annual,Bank Transfer,4,670.23,No
100905,Male,35,59,Premium,37.42,Annual,Credit Card,1,2207.78,No
100906,Female,49,6,Standard,107.54,Annual,Bank Transfer,4,645.24,No
100907,Female,49,41,Basic,64.17,Monthly,Bank Transfer,0,2630.97,Yes
100908,Male,52,39,Premium,118.42,Annual,Credit Card,2,4618.38,No
100909,Male,56,4,Basic,59.57,Monthly,Bank Transfer,2,238.28,No
100910,Female,63,13,Standard,91.52,Monthly,Debit Card,1,1189.76,No
100911,Male,69,49,Basic,48.19,Monthly,Credit Card,4,2361.31,No
100912,Male,46,2,Standard,56.38,Monthly,Debit Card,2,112.76,No
100913,Male,66,5,Standard,39.07,Monthly,Credit Card,4,195.35,No
100914,Female,46,44,Basic,54.71,Monthly,Debit Card,2,2407.24,No
100915,Female,61,27,Premium,74.72,Monthly,Debit Card,3,2017.44,Yes
100916,Female,33,32,Standard,119.18,Annual,Bank Transfer,3,3813.76,No
100917,Female,61,21,Basic,86.42,Monthly,Debit Card,1,1814.82,No
100918,Female,64,8,Basic,39.92,Monthly,Bank Transfer,0,319.36,No
100919,Female,27,38,Basic,24.5,Monthly,Credit Card,1,931.0,No
100920,Female,47,8,Basic,32.64,Monthly,Debit Card,2,261.12,Yes
100921,Male,42,50,Standard,76.26,Annual,Debit Card,2,3813.0,No
100922,Male,56,3,Premium,96.52,Monthly,Credit Card,4,289.56,Yes
100923,Male,37,54,Standard,114.04,Monthly,Credit Card,1,6158.16,No
100924,Male,22,44,Basic,21.58,Annual,Debit Card,3,949.52,No
100925,Male,18,58,Basic,72.28,Annual,Credit Card,4,4192.24,No
100926,Male,47,3,Basic,67.09,Monthly,Bank Transfer,4,201.27,Yes
100927,Male,66,22,Standard,85.61,Annual,Credit Card,1,1883.42,No
100928,Female,20,6,Premium,75.96,Monthly,Credit Card,2,455.76,Yes
100929,Female,62,2,Basic,88.7,Monthly,Debit Card,3,177.4,Yes
100930,Male,31,23,Standard,85.81,Monthly,Bank Transfer,0,1973.63,No
100931,Male,47,44,Premium,31.7,Annual,Credit Card,1,1394.8,No
100932,Female,67,2,Standard,99.97,Monthly,Bank Transfer,2,199.94,No
100933,Male,21,38,Premium,32.32,Monthly,Bank Transfer,3,1228.16,No
100934,Male,35,17,Standard,89.85,Monthly,Bank Transfer,2,1527.45,No
100935,Female,54,35,Standard,61.61,Monthly,Debit Card,1,2156.35,No
100936,Male,42,34,Standard,71.39,Monthly,Credit Card,1,2427.26,No
100937,Female,65,23,Standard,110.33,Annual,Debit Card,0,2537.59,No
100938,Male,18,30,Basic,108.99,Monthly,Credit Card,2,3269.7,No
100939,Female,63,52,Basic,101.79,Monthly,Credit Card,2,5293.08,No
100940,Female,32,8,Basic,71.01,Annual,Debit Card,1,568.08,No
100941,Female,26,22,Standard,93.62,Monthly,Bank Transfer,2,2059.64,Yes
100942,Male,32,44,Basic,71.29,Monthly,Bank Transfer,3,3136.76,Yes
100943,Female,66,58,Premium,106.96,Monthly,Credit Card,2,6203.68,No
100944,Male,41,36,Standard,60.28,Monthly,Debit Card,2,2170.08,Yes
100945,Male,21,5,Standard,117.02,Monthly,Bank Transfer,3,585.1,No
100946,Male,29,13,Basic,113.23,Monthly,Bank Transfer,2,1471.99,Yes
100947,Male,54,29,Premium,94.16,Monthly,Credit Card,2,2730.64,Yes
100948,Female,54,31,Premium,47.94,Monthly,Credit Card,1,1486.14,Yes
100949,Female,60,47,Standard,33.17,Annual,Debit Card,4,1558.99,No
100950,Male,23,57,Basic,105.47,Annual,Credit Card,5,6011.79,No
100951,Male,56,55,Standard,36.53,Annual,Bank Transfer,1,2009.15,No
100952,Female,63,16,Basic,105.43,Annual,Bank Transfer,1,1686.88,No
100953,Male,41,42,Basic,69.08,Monthly,Bank Transfer,4,2901.36,Yes
100954,Female,28,30,Premium,60.66,Annual,Bank Transfer,2,1819.8,No
100955,Male,30,57,Standard,110.32,Monthly,Debit Card,4,6288.24,No
100956,Male,51,55,Standard,80.39,Annual,Debit Card,3,4421.45,Yes
100957,Female,42,16,Premium,77.66,Monthly,Credit Card,2,1242.56,No
100958,Male,24,12,Standard,75.88,Monthly,Credit Card,2,910.56,No
100959,Female,69,17,Standard,57.12,Annual,Credit Card,0,971.04,No
100960,Male,21,16,Basic,98.56,Annual,Debit Card,2,1576.96,No
100961,Male,25,12,Premium,45.28,Monthly,Bank Transfer,0,543.36,Yes
100962,Male,37,8,Basic,113.89,Annual,Credit Card,4,911.12,No
100963,Female,46,20,Premium,109.4,Monthly,Bank Transfer,3,2188.0,No
100964,Male,68,3,Premium,53.75,Monthly,Credit Card,3,161.25,No
100965,Male,62,16,Basic,92.95,Monthly,Credit Card,0,1487.2,Yes
100966,Male,63,30,Standard,77.32,Monthly,Credit Card,4,2319.6,No
100967,Male,27,45,Premium,53.76,Annual,Credit Card,2,2419.2,No
100968,Female,60,23,Standard,118.85,Annual,Credit Card,1,2733.55,No
100969,Female,51,28,Premium,22.52,Annual,Bank Transfer,1,630.56,Yes
100970,Male,43,51,Premium,45.26,Monthly,Credit Card,3,2308.26,No
100971,Female,58,40,Standard,72.01,Annual,Bank Transfer,2,2880.4,No
100972,Male,66,54,Basic,72.2,Monthly,Debit Card,1,3898.8,No
100973,Male,20,5,Premium,78.89,Annual,Credit Card,2,394.45,No
100974,Male,23,20,Standard,95.17,Monthly,Bank Transfer,1,1903.4,No
100975,Female,22,40,Basic,82.35,Monthly,Debit Card,2,3294.0,No
100976,Female,22,56,Basic,80.03,Annual,Debit Card,3,4481.68,No
100977,Female,64,44,Standard,25.35,Monthly,Debit Card,2,1115.4,No
100978,Female,40,1,Premium,57.65,Monthly,Bank Transfer,1,57.65,No
100979,Female,66,57,Premium,43.21,Monthly,Credit Card,0,2462.97,Yes
100980,Female,26,30,Standard,46.54,Monthly,Credit Card,0,1396.2,No
100981,Female,52,21,Basic,75.43,Monthly,Bank Transfer,1,1584.03,No
100982,Female,37,20,Basic,39.95,Monthly,Credit Card,2,799.0,No
100983,Female,66,6,Premium,49.39,Monthly,Bank Transfer,2,296.34,No
100984,Male,59,22,Basic,43.71,Monthly,Credit Card,2,961.62,No
100985,Female,52,18,Basic,114.85,Annual,Debit Card,1,2067.3,No
100986,Female,67,8,Basic,114.47,Monthly,Credit Card,1,915.76,Yes
100987,Female,35,39,Standard,80.99,Annual,Bank Transfer,2,3158.61,No
100988,Female,34,32,Premium,112.45,Annual,Bank Transfer,0,3598.4,Yes
100989,Female,41,33,Basic,98.58,Monthly,Debit Card,1,3253.14,No
100990,Female,20,53,Standard,78.99,Annual,Bank Transfer,3,4186.47,No
100991,Female,49,16,Standard,20.64,Annual,Credit Card,0,330.24,No
100992,Female,52,12,Premium,97.25,Annual,Credit Card,0,1167.0,No
100993,Female,55,38,Basic,90.25,Monthly,Debit Card,1,3429.5,Yes
100994,Female,30,52,Standard,81.53,Monthly,Bank Transfer,1,4239.56,Yes
100995,Female,64,34,Basic,96.04,Monthly,Debit Card,0,3265.36,No
100996,Male,42,14,Premium,71.29,Monthly,Credit Card,2,998.06,No
100997,Male,26,36,Standard,90.41,Monthly,Debit Card,2,3254.76,Yes
100998,Female,21,33,Basic,113.52,Monthly,Bank Transfer,2,3746.16,No
100999,Female,31,23,Standard,57.58,Annual,Debit Card,0,1324.34,No
101000,Male,54,50,Premium,90.81,Annual,Bank Transfer,3,4540.5,No
